train_loss,train_acc,test_loss,test_acc
0.16136670112609863,0.9502333333333334,0.0741378515958786,0.9783653846153846
0.09347447752952576,0.97255,0.09826761484146118,0.9709535256410257
0.08617059141397476,0.97385,0.0928393229842186,0.9696514423076923
